<?xml version="1.0" encoding="UTF-8"?>
<project-private xmlns="http://www.netbeans.org/ns/project-private/1">
    <editor-bookmarks xmlns="http://www.netbeans.org/ns/editor-bookmarks/2" lastBookmarkId="0"/>
    <open-files xmlns="http://www.netbeans.org/ns/projectui-open-files/2">
        <group>
            <file>file:/C:/Users/Alexis%20Moreno/Desktop/5S/TAP/Unidad%203/TAP_U3_Ejercicio7_MiMascota/src/Imagen.java</file>
            <file>file:/C:/Users/Alexis%20Moreno/Desktop/5S/TAP/Unidad%203/TAP_U3_Ejercicio7_MiMascota/src/NewJFrame.java</file>
            <file>file:/C:/Users/Alexis%20Moreno/Desktop/5S/TAP/Unidad%203/TAP_U3_Ejercicio7_MiMascota/src/Lienzo.java</file>
            <file>file:/C:/Users/Alexis%20Moreno/Desktop/5S/TAP/Unidad%203/TAP_U3_Ejercicio7_MiMascota/src/Mascota.java</file>
            <file>file:/C:/Users/Alexis%20Moreno/Desktop/5S/TAP/Unidad%203/TAP_U3_Ejercicio7_MiMascota/src/AreaJ.java</file>
        </group>
    </open-files>
</project-private>
